;site;poissons;Abondance
2;T_S268;58;1
6;T_S268;68;1
11;T_S251;84;2
12;T_S256;84;2
13;T_S267;84;1
14;T_S270;84;1
15;T_S271;84;1
16;T_S273;84;1
17;T_S274;84;1
18;T_S252;760;50
19;T_S264;805;1
20;T_S266;805;1
21;T_S273;805;1
22;T_S249;822;2
23;T_S252;822;2
24;T_S253;822;3
25;T_S254;822;2
26;T_S261;822;1
27;T_S274;822;4
28;T_S275;822;1
29;T_S264;1110;1
30;T_S273;1298;2
31;T_S274;1298;5
34;T_S274;1314;2
42;T_S265;1330;1
43;T_S268;1330;1
44;T_S273;1330;16
45;T_S274;1330;4
46;T_S255;1360;1
52;T_S249;1370;2
53;T_S257;1370;1
54;T_S258;1370;1
55;T_S261;1370;1
56;T_S262;1370;1
57;T_S263;1370;1
58;T_S264;1370;1
59;T_S258;1448;1
60;T_S259;1448;3
61;T_S273;1448;2
62;T_S258;1456;1
63;T_S270;1784;1
65;T_S271;2266;10
66;T_S275;2266;1
68;T_S274;2290;1
71;T_S256;2332;1
72;T_S258;2332;2
73;T_S249;2334;1
74;T_S252;2334;1
75;T_S263;2334;2
76;T_S265;2334;2
90;T_S251;2346;1
91;T_S256;2346;2
92;T_S257;2346;2
93;T_S258;2346;12
94;T_S259;2346;2
95;T_S260;2346;4
96;T_S261;2346;1
97;T_S265;2346;1
98;T_S266;2346;2
99;T_S267;2346;14
100;T_S268;2346;10
101;T_S271;2346;8
102;T_S272;2346;11
103;T_S273;2346;8
104;T_S274;2346;2
105;T_S275;2346;2
111;T_S251;2392;3
112;T_S261;2392;2
113;T_S271;2392;1
115;T_S251;2399;1
116;T_S264;2404;2
129;T_S249;2412;8
130;T_S251;2412;2
131;T_S252;2412;7
132;T_S253;2412;4
133;T_S254;2412;7
134;T_S255;2412;7
135;T_S256;2412;2
136;T_S257;2412;2
137;T_S258;2412;3
138;T_S259;2412;3
139;T_S261;2412;2
140;T_S263;2412;6
141;T_S264;2412;9
142;T_S265;2412;12
143;T_S266;2412;6
144;T_S268;2412;2
145;T_S269;2412;1
146;T_S270;2412;8
147;T_S273;2412;5
148;T_S274;2412;3
149;T_S275;2412;1
151;T_S255;2414;1
152;T_S265;2418;1
156;T_S257;2554;1
157;T_S260;2554;1
158;T_S267;2554;6
159;T_S268;2554;1
160;T_S273;2554;2
161;T_S274;2554;1
175;T_S249;2556;8
176;T_S250;2556;6
177;T_S251;2556;9
178;T_S253;2556;3
179;T_S254;2556;3
180;T_S255;2556;12
181;T_S256;2556;3
182;T_S257;2556;7
183;T_S258;2556;6
184;T_S259;2556;5
185;T_S260;2556;2
186;T_S261;2556;4
187;T_S262;2556;2
188;T_S263;2556;5
189;T_S264;2556;3
190;T_S265;2556;8
191;T_S266;2556;5
192;T_S267;2556;1
193;T_S275;2556;5
195;T_S257;2557;2
196;T_S259;2557;1
197;T_S263;2570;8
201;T_S271;2614;2
202;T_S253;2650;1
203;T_S275;2716;1
204;T_S253;2760;5
205;T_S254;2760;5
206;T_S256;2760;2
207;T_S259;2760;21
208;T_S263;2760;6
209;T_S250;2898;15
210;T_S254;2913;1
211;T_S262;2914;36
212;T_S255;2936;1
213;T_S252;2942;1500
214;T_S249;2992;3
215;T_S250;2992;2
216;T_S252;2992;2
217;T_S254;2992;1
218;T_S256;2992;2
219;T_S257;2992;1
220;T_S262;2992;1
221;T_S265;2992;2
222;T_S268;3120;1
226;T_S256;3180;2
227;T_S263;3180;1
228;T_S264;3180;1
229;T_S269;3180;1
232;T_S273;3226;10
234;T_S251;3260;1
235;T_S269;3260;1
236;T_S271;3260;1
239;T_S267;3340;1
246;T_S251;3364;2
247;T_S253;3364;1
248;T_S256;3364;2
249;T_S258;3364;2
250;T_S261;3364;1
251;T_S264;3364;1
252;T_S265;3364;1
253;T_S266;3364;2
254;T_S269;3364;2
255;T_S274;3364;1
256;T_S275;3364;1
260;T_S253;3370;2
261;T_S259;3370;20
262;T_S261;3370;1
263;T_S267;3370;5
264;T_S274;3370;16
276;T_S249;3372;1
277;T_S253;3372;1
278;T_S259;3372;5
279;T_S260;3372;6
280;T_S261;3372;1
281;T_S263;3372;2
282;T_S273;3372;1
283;T_S274;3372;35
285;T_S257;3374;1
286;T_S259;3374;3
287;T_S274;3374;1
288;T_S270;3388;1
289;T_S274;3388;1
292;T_S268;3400;2
293;T_S274;3400;1
294;T_S275;3400;1
300;T_S258;3470;30
301;T_S274;3470;14
305;T_S251;3472;3
306;T_S258;3472;5
307;T_S259;3472;50
308;T_S275;3472;53
310;T_S256;3474;20
314;T_S273;3476;390
315;T_S267;3486;35
316;T_S268;3486;14
317;T_S274;3486;12
322;T_S267;3487;30
323;T_S268;3487;50
327;T_S256;3490;120
328;T_S258;3490;32
329;T_S259;3490;65
330;T_S260;3490;50
331;T_S268;3490;132
332;T_S273;3490;190
333;T_S274;3490;48
335;T_S251;3532;1
338;T_S251;3533;2
339;T_S253;3533;1
340;T_S254;3533;1
341;T_S255;3533;1
343;T_S260;3538;1
344;T_S266;3538;1
345;T_S267;3538;1
346;T_S273;3538;1
353;T_S259;3560;1
354;T_S267;3560;2
355;T_S273;3560;169
356;T_S274;3560;4
359;T_S250;3576;1
362;T_S252;3578;1
367;T_S251;3592;5
368;T_S254;3592;2
369;T_S260;3592;2
370;T_S266;3592;3
371;T_S270;3592;1
372;T_S275;3592;2
373;T_S260;3596;1
374;T_S266;3596;2
386;T_S250;3614;1
387;T_S251;3614;2
388;T_S253;3614;1
389;T_S256;3614;2
390;T_S257;3614;1
391;T_S258;3614;1
392;T_S259;3614;4
393;T_S261;3614;4
394;T_S262;3614;1
395;T_S265;3614;3
396;T_S268;3614;1
397;T_S270;3614;2
398;T_S273;3614;4
399;T_S274;3614;9
400;T_S275;3614;2
414;T_S249;3656;16
415;T_S250;3656;4
416;T_S251;3656;4
417;T_S252;3656;9
418;T_S253;3656;6
419;T_S254;3656;6
420;T_S255;3656;13
421;T_S256;3656;4
422;T_S257;3656;7
423;T_S258;3656;1
424;T_S259;3656;6
425;T_S261;3656;6
426;T_S262;3656;1
427;T_S263;3656;9
428;T_S264;3656;13
429;T_S265;3656;11
430;T_S266;3656;4
431;T_S269;3656;8
432;T_S270;3656;8
433;T_S273;3656;6
434;T_S274;3656;2
435;T_S275;3656;1
441;T_S249;3670;17
442;T_S253;3670;11
443;T_S254;3670;2
444;T_S261;3670;1
445;T_S262;3670;10
446;T_S264;3670;3
447;T_S269;3670;8
448;T_S270;3670;15
449;T_S273;3670;5
451;T_S260;3674;1
452;T_S273;3674;90
454;T_S255;3680;2
455;T_S263;3680;1
456;T_S265;3680;1
457;T_S266;3680;1
458;T_S273;3680;2
467;T_S250;3682;1
468;T_S252;3682;2
469;T_S262;3682;5
470;T_S265;3682;1
474;T_S259;3686;2
475;T_S268;3686;1
476;T_S269;3686;1
477;T_S274;3686;1
479;T_S251;3687;2
480;T_S252;3687;1
481;T_S255;3687;1
482;T_S257;3687;7
483;T_S259;3687;1
484;T_S261;3687;1
485;T_S265;3687;2
486;T_S266;3687;1
487;T_S267;3687;2
488;T_S269;3687;2
489;T_S271;3687;1
490;T_S272;3687;2
500;T_S249;3688;2
501;T_S251;3688;5
502;T_S253;3688;3
503;T_S259;3688;1
504;T_S261;3688;1
505;T_S266;3688;2
506;T_S274;3688;2
507;T_S250;3690;1
508;T_S254;3690;1
509;T_S262;3690;1
518;T_S261;3694;2
519;T_S269;3694;2
520;T_S270;3694;5
521;T_S273;3694;5
542;T_S249;3698;6
543;T_S251;3698;13
544;T_S252;3698;18
545;T_S253;3698;8
546;T_S254;3698;2
547;T_S255;3698;7
548;T_S256;3698;13
549;T_S257;3698;5
550;T_S259;3698;2
551;T_S260;3698;6
552;T_S261;3698;1
553;T_S262;3698;2
554;T_S263;3698;3
555;T_S264;3698;3
556;T_S265;3698;6
557;T_S266;3698;3
558;T_S267;3698;5
559;T_S269;3698;5
560;T_S270;3698;8
561;T_S271;3698;3
562;T_S272;3698;9
563;T_S273;3698;9
564;T_S274;3698;2
565;T_S275;3698;4
566;T_S253;3716;1
567;T_S266;3734;1
568;T_S273;3734;1
569;T_S275;3749;2
571;T_S275;3760;3
579;T_S249;3776;7
580;T_S250;3776;3
581;T_S252;3776;2
582;T_S253;3776;1
583;T_S257;3776;1
584;T_S261;3776;1
585;T_S263;3776;3
586;T_S266;3776;1
587;T_S271;3776;2
599;T_S251;3778;3
600;T_S253;3778;7
601;T_S256;3778;7
602;T_S257;3778;2
603;T_S258;3778;7
604;T_S259;3778;2
605;T_S260;3778;10
606;T_S261;3778;2
607;T_S265;3778;2
608;T_S266;3778;5
609;T_S267;3778;3
610;T_S268;3778;1
611;T_S273;3778;6
612;T_S274;3778;1
613;T_S275;3778;4
617;T_S257;3780;2
618;T_S268;3780;1
631;T_S249;3782;1
632;T_S252;3782;8
633;T_S254;3782;1
634;T_S256;3782;2
635;T_S257;3782;1
636;T_S260;3782;1
637;T_S262;3782;2
638;T_S265;3782;2
639;T_S267;3782;2
640;T_S268;3782;2
641;T_S269;3782;11
642;T_S270;3782;4
643;T_S271;3782;8
644;T_S272;3782;13
645;T_S273;3782;1
646;T_S274;3782;2
648;T_S249;3784;4
649;T_S255;3784;1
650;T_S256;3784;4
651;T_S257;3784;2
652;T_S262;3784;1
653;T_S263;3784;1
654;T_S265;3784;1
655;T_S266;3784;1
656;T_S268;3784;1
657;T_S275;3784;3
659;T_S249;3786;3
660;T_S257;3786;3
661;T_S258;3786;1
662;T_S262;3786;1
663;T_S267;3786;1
669;T_S251;3790;5
670;T_S255;3790;1
671;T_S263;3790;1
672;T_S264;3790;2
673;T_S265;3790;1
674;T_S268;3790;2
675;T_S271;3790;2
676;T_S272;3790;2
677;T_S273;3790;1
678;T_S275;3790;3
682;T_S251;3792;2
683;T_S253;3792;4
684;T_S254;3792;1
685;T_S255;3792;1
686;T_S256;3792;2
687;T_S257;3792;1
688;T_S260;3792;2
689;T_S264;3792;1
690;T_S266;3792;3
691;T_S275;3792;1
698;T_S249;3794;2
699;T_S251;3794;1
700;T_S253;3794;2
701;T_S256;3794;5
702;T_S257;3794;3
703;T_S259;3794;1
704;T_S262;3794;1
705;T_S264;3794;1
706;T_S268;3794;2
714;T_S251;3796;1
715;T_S255;3796;3
716;T_S256;3796;7
717;T_S257;3796;11
718;T_S260;3796;3
719;T_S264;3796;3
720;T_S265;3796;1
721;T_S266;3796;2
722;T_S268;3796;1
723;T_S275;3796;1
725;T_S264;3798;1
728;T_S256;3800;1
729;T_S257;3800;3
730;T_S258;3800;4
739;T_S251;3802;4
740;T_S259;3802;6
741;T_S267;3802;2
742;T_S268;3802;6
743;T_S273;3802;2
744;T_S275;3802;1
760;T_S249;3804;6
761;T_S251;3804;10
762;T_S253;3804;7
763;T_S254;3804;5
764;T_S255;3804;2
765;T_S256;3804;4
766;T_S257;3804;3
767;T_S260;3804;2
768;T_S261;3804;2
769;T_S262;3804;4
770;T_S263;3804;2
771;T_S264;3804;4
772;T_S265;3804;6
773;T_S266;3804;4
774;T_S267;3804;6
775;T_S268;3804;5
776;T_S269;3804;5
777;T_S270;3804;3
778;T_S271;3804;1
779;T_S272;3804;9
780;T_S275;3804;3
789;T_S258;3806;2
790;T_S260;3806;2
791;T_S266;3806;1
792;T_S267;3806;3
793;T_S268;3806;2
794;T_S271;3806;2
795;T_S268;3808;2
797;T_S253;3809;1
798;T_S260;3809;1
800;T_S275;3810;1
810;T_S251;3812;2
811;T_S252;3812;2
812;T_S256;3812;2
813;T_S257;3812;5
814;T_S258;3812;2
815;T_S265;3812;2
816;T_S266;3812;2
817;T_S267;3812;6
818;T_S268;3812;2
819;T_S271;3812;2
820;T_S273;3812;3
821;T_S274;3812;1
822;T_S275;3812;1
844;T_S249;3814;16
845;T_S251;3814;9
846;T_S252;3814;14
847;T_S253;3814;11
848;T_S254;3814;3
849;T_S255;3814;6
850;T_S256;3814;13
851;T_S257;3814;2
852;T_S258;3814;4
853;T_S259;3814;16
854;T_S260;3814;11
855;T_S261;3814;7
856;T_S262;3814;1
857;T_S263;3814;8
858;T_S264;3814;6
859;T_S265;3814;14
860;T_S266;3814;12
861;T_S267;3814;6
862;T_S268;3814;11
863;T_S269;3814;2
864;T_S271;3814;6
865;T_S272;3814;3
866;T_S273;3814;11
867;T_S274;3814;13
868;T_S275;3814;6
873;T_S254;3816;1
874;T_S268;3816;3
881;T_S251;3818;2
882;T_S256;3818;1
883;T_S260;3818;1
884;T_S266;3818;6
885;T_S267;3818;2
886;T_S268;3818;6
887;T_S271;3818;3
888;T_S272;3818;2
889;T_S275;3818;2
909;T_S249;3819;2
910;T_S251;3819;9
911;T_S253;3819;4
912;T_S255;3819;7
913;T_S256;3819;8
914;T_S257;3819;5
915;T_S258;3819;8
916;T_S260;3819;8
917;T_S261;3819;1
918;T_S262;3819;1
919;T_S265;3819;8
920;T_S266;3819;3
921;T_S267;3819;5
922;T_S268;3819;2
923;T_S269;3819;2
924;T_S270;3819;4
925;T_S271;3819;5
926;T_S272;3819;4
927;T_S274;3819;6
928;T_S268;3838;1
936;T_S249;3852;1
937;T_S250;3852;1
938;T_S252;3852;3
939;T_S254;3852;1
940;T_S255;3852;2
941;T_S259;3852;2
942;T_S260;3852;1
943;T_S263;3852;1
944;T_S265;3852;2
945;T_S266;3852;2
946;T_S273;3852;1
947;T_S274;3852;4
950;T_S249;3854;1
951;T_S253;3854;4
952;T_S256;3854;2
954;T_S253;3858;1
960;T_S258;3860;1
961;T_S261;3860;3
962;T_S265;3860;2
963;T_S267;3860;2
964;T_S274;3860;2
965;T_S251;3878;3
966;T_S253;3878;4
967;T_S259;3878;2
968;T_S261;3878;4
969;T_S263;3878;4
970;T_S264;3878;20
971;T_S265;3878;6
972;T_S273;3878;2
973;T_S251;3880;4
974;T_S259;3880;11
975;T_S261;3880;2
976;T_S264;3880;1
977;T_S268;3880;11
978;T_S273;3880;4
979;T_S251;3884;8
980;T_S253;3884;2
981;T_S254;3884;1
982;T_S256;3884;3
983;T_S257;3884;5
984;T_S258;3884;4
985;T_S259;3884;3
986;T_S261;3884;3
987;T_S263;3884;1
988;T_S264;3884;1
989;T_S266;3884;1
990;T_S267;3884;2
991;T_S268;3884;11
992;T_S269;3884;8
993;T_S270;3884;20
994;T_S271;3884;19
995;T_S272;3884;15
996;T_S273;3884;6
997;T_S274;3884;15
998;T_S275;3884;2
999;T_S251;3888;7
1000;T_S253;3888;3
1001;T_S261;3888;1
1002;T_S263;3888;2
1003;T_S264;3888;5
1004;T_S265;3888;3
1005;T_S257;3890;1
1007;T_S249;3918;1
1008;T_S253;3918;1
1009;T_S256;3918;1
1010;T_S271;3918;1
1011;T_S275;3918;1
1015;T_S253;3920;1
1016;T_S257;3920;1
1020;T_S251;3922;2
1021;T_S257;3922;1
1022;T_S258;3922;1
1023;T_S262;3922;1
1024;T_S274;3922;1
1026;T_S258;3924;1
1027;T_S249;3954;7
1028;T_S253;3954;21
1029;T_S257;3954;17
1030;T_S260;3954;17
1031;T_S265;3954;32
1032;T_S266;3954;10
1033;T_S267;3954;66
1034;T_S268;3954;13
1035;T_S269;3954;1
1036;T_S270;3954;2
1037;T_S271;3954;150
1038;T_S273;3954;13
1039;T_S274;3954;45
1040;T_S257;3958;13
1041;T_S256;3960;7
1042;T_S257;3960;1
1043;T_S258;3960;35
1044;T_S259;3960;2
1045;T_S260;3960;26
1046;T_S266;3960;5
1047;T_S275;3960;121
1048;T_S251;3978;5
1049;T_S252;3978;5
1050;T_S253;3978;22
1051;T_S254;3978;17
1052;T_S255;3978;48
1053;T_S256;3978;8
1054;T_S257;3978;9
1055;T_S258;3978;1
1056;T_S259;3978;59
1057;T_S260;3978;38
1058;T_S261;3978;106
1059;T_S262;3978;1
1060;T_S263;3978;8
1061;T_S264;3978;51
1062;T_S265;3978;81
1063;T_S266;3978;51
1064;T_S273;3978;12
1065;T_S275;3978;6
1066;T_S255;3980;8
1067;T_S258;3980;2
1068;T_S259;3980;33
1069;T_S260;3980;8
1070;T_S261;3980;9
1071;T_S263;3980;3
1072;T_S264;3980;1
1073;T_S265;3980;8
1074;T_S266;3980;3
1075;T_S273;3980;4
1076;T_S275;3980;3
1077;T_S251;3990;2
1078;T_S253;3990;6
1079;T_S255;3990;5
1080;T_S257;3990;5
1081;T_S258;3990;1
1082;T_S260;3990;3
1083;T_S267;3990;3
1084;T_S268;3990;13
1085;T_S270;3990;5
1086;T_S272;3992;2
1087;T_S275;3992;2
1088;T_S251;3994;2
1089;T_S260;3994;5
1090;T_S268;3994;7
1091;T_S275;3994;4
1092;T_S265;4004;10
1093;T_S258;4013;104
1094;T_S259;4013;18
1095;T_S260;4013;16
1096;T_S268;4013;20
1097;T_S269;4013;8
1098;T_S270;4013;9
1099;T_S273;4013;245
1100;T_S274;4013;32
1101;T_S259;4014;9
1102;T_S268;4014;6
1103;T_S250;4016;20
1104;T_S251;4016;4
1105;T_S252;4016;158
1106;T_S254;4016;6
1107;T_S255;4016;100
1108;T_S257;4016;2
1109;T_S258;4016;565
1110;T_S259;4016;32
1111;T_S260;4016;6
1112;T_S262;4016;73
1113;T_S263;4016;85
1114;T_S264;4016;1068
1115;T_S265;4016;7
1116;T_S266;4016;12
1117;T_S268;4016;30
1118;T_S273;4016;629
1119;T_S275;4016;60
1120;T_S250;4018;1
1121;T_S267;4018;73
1122;T_S268;4018;4
1123;T_S267;4020;16
1124;T_S268;4020;11
1125;T_S272;4020;110
1126;T_S272;4032;5
1127;T_S272;4038;2
1128;T_S273;4038;40
1129;T_S258;4042;43
1130;T_S259;4042;6
1131;T_S266;4042;1
1132;T_S267;4042;280
1133;T_S268;4042;371
1134;T_S271;4042;104
1135;T_S272;4042;39
1136;T_S273;4042;9
1137;T_S274;4042;25
1138;T_S275;4042;14
1139;T_S251;4052;2
1140;T_S253;4052;3
1141;T_S256;4052;24
1142;T_S258;4052;1329
1143;T_S259;4052;593
1144;T_S260;4052;13
1145;T_S261;4052;21
1146;T_S267;4052;9
1147;T_S268;4052;1
1148;T_S270;4052;4
1149;T_S271;4052;23
1150;T_S272;4052;190
1151;T_S273;4052;25
1152;T_S274;4052;9
1153;T_S275;4052;100
1154;T_S267;4054;207
1155;T_S268;4054;24
1156;T_S271;4054;209
1157;T_S272;4054;1021
1158;T_S258;4056;30
1159;T_S267;4056;25
1160;T_S271;4056;2
1161;T_S271;4058;217
1162;T_S272;4058;231
1163;T_S260;4059;15
1164;T_S271;4059;6
1165;T_S272;4059;6
1166;T_S262;4064;2
1167;T_S269;4064;3
1168;T_S249;4066;6
1169;T_S250;4066;3
1170;T_S251;4066;35
1171;T_S253;4066;7
1172;T_S254;4066;8
1173;T_S256;4066;21
1174;T_S257;4066;12
1175;T_S258;4066;1
1176;T_S259;4066;9
1177;T_S261;4066;5
1178;T_S262;4066;25
1179;T_S263;4066;3
1180;T_S264;4066;2
1181;T_S266;4066;8
1182;T_S271;4066;75
1183;T_S272;4066;54
1184;T_S273;4066;22
1185;T_S274;4066;35
1186;T_S269;4070;2
1187;T_S270;4070;5
1188;T_S271;4070;3
1189;T_S272;4070;1
1190;T_S250;4072;1
1191;T_S251;4072;1
1192;T_S253;4072;1
1193;T_S254;4072;1
1194;T_S256;4072;24
1195;T_S257;4072;24
1196;T_S258;4072;3
1197;T_S260;4072;5
1198;T_S262;4072;1
1199;T_S266;4072;23
1200;T_S267;4072;9
1201;T_S268;4072;8
1202;T_S269;4072;3
1203;T_S270;4072;3
1204;T_S271;4072;21
1205;T_S272;4072;22
1206;T_S273;4072;1
1207;T_S274;4072;7
1208;T_S275;4072;5
1209;T_S251;4074;18
1210;T_S252;4074;3
1211;T_S253;4074;42
1212;T_S254;4074;3
1213;T_S255;4074;11
1214;T_S256;4074;1
1215;T_S259;4074;63
1216;T_S261;4074;16
1217;T_S263;4074;18
1218;T_S264;4074;20
1219;T_S265;4074;2
1220;T_S250;4090;15
1221;T_S252;4090;117
1222;T_S254;4090;74
1223;T_S255;4090;91
1224;T_S259;4090;36
1225;T_S261;4090;82
1226;T_S262;4090;55
1227;T_S263;4090;26
1228;T_S264;4090;51
1229;T_S265;4090;182
1230;T_S251;4094;45
1231;T_S256;4094;20
1232;T_S257;4094;64
1233;T_S258;4094;2
1234;T_S259;4094;74
1235;T_S271;4094;21
1236;T_S272;4094;17
1237;T_S273;4094;13
1238;T_S275;4094;7
1239;T_S251;4096;15
1240;T_S253;4096;3
1241;T_S258;4096;5
1242;T_S268;4096;5
1243;T_S275;4096;18
1244;T_S249;4099;1
1245;T_S273;4099;2
1246;T_S251;4112;320
1247;T_S253;4112;163
1248;T_S254;4112;4
1249;T_S256;4112;303
1250;T_S257;4112;30
1251;T_S258;4112;420
1252;T_S259;4112;240
1253;T_S260;4112;5
1254;T_S266;4112;235
1255;T_S275;4112;43
1256;T_S249;4115;1
1257;T_S250;4115;9
1258;T_S263;4115;18
1259;T_S264;4115;1
1260;T_S266;4115;55
1261;T_S267;4115;50
1262;T_S274;4115;24
1263;T_S275;4115;900
1264;T_S253;4119;80
1265;T_S256;4119;45
1266;T_S254;4121;2
1267;T_S256;4121;6
1268;T_S257;4121;6
1269;T_S259;4121;2
1270;T_S260;4121;2
1271;T_S261;4121;4
1272;T_S263;4121;1
1273;T_S264;4121;1
1274;T_S266;4121;8
1275;T_S275;4121;7
1276;T_S251;4122;16
1277;T_S253;4122;22
1278;T_S254;4122;1
1279;T_S255;4122;1
1280;T_S257;4122;2
1281;T_S258;4122;5
1282;T_S259;4122;22
1283;T_S260;4122;48
1284;T_S261;4122;35
1285;T_S264;4122;1
1286;T_S266;4122;1
1287;T_S269;4122;1
1288;T_S275;4122;6
1289;T_S249;4124;2
1290;T_S250;4124;4
1291;T_S256;4135;5
1292;T_S257;4135;6
1293;T_S258;4135;32
1294;T_S260;4135;9
1295;T_S264;4135;1
1296;T_S266;4135;7
1297;T_S267;4135;7
1298;T_S268;4135;4
1299;T_S271;4135;5
1300;T_S272;4135;8
1301;T_S273;4135;11
1302;T_S274;4135;8
1303;T_S258;4136;4
1304;T_S260;4136;1
1305;T_S264;4136;1
1306;T_S268;4136;5
1307;T_S274;4136;1
1308;T_S251;4138;14
1309;T_S253;4138;14
1310;T_S254;4138;1
1311;T_S256;4138;25
1312;T_S257;4138;5
1313;T_S258;4138;71
1314;T_S259;4138;26
1315;T_S260;4138;73
1316;T_S261;4138;3
1317;T_S264;4138;1
1318;T_S266;4138;10
1319;T_S267;4138;1
1320;T_S268;4138;2
1321;T_S270;4138;1
1322;T_S273;4138;10
1323;T_S274;4138;7
1324;T_S275;4138;24
1325;T_S249;4147;12
1326;T_S250;4147;2
1327;T_S252;4147;4
1328;T_S253;4147;1
1329;T_S255;4147;1
1330;T_S260;4147;1
1331;T_S262;4147;1
1332;T_S263;4147;3
1333;T_S264;4147;19
1334;T_S265;4147;9
1335;T_S267;4147;3
1336;T_S268;4147;8
1337;T_S269;4147;15
1338;T_S270;4147;25
1339;T_S271;4147;35
1340;T_S272;4147;30
1341;T_S249;4148;57
1342;T_S250;4148;19
1343;T_S251;4148;8
1344;T_S252;4148;67
1345;T_S253;4148;9
1346;T_S254;4148;26
1347;T_S255;4148;6
1348;T_S261;4148;4
1349;T_S262;4148;9
1350;T_S263;4148;3
1351;T_S264;4148;20
1352;T_S265;4148;4
1353;T_S266;4148;7
1354;T_S269;4148;1
1355;T_S270;4148;7
1356;T_S272;4148;18
1357;T_S273;4148;2
1358;T_S275;4148;1
1359;T_S249;4150;10
1360;T_S251;4150;1
1361;T_S252;4150;12
1362;T_S253;4150;8
1363;T_S254;4150;1
1364;T_S255;4150;5
1365;T_S257;4150;6
1366;T_S259;4150;56
1367;T_S261;4150;56
1368;T_S263;4150;7
1369;T_S264;4150;21
1370;T_S265;4150;29
1371;T_S273;4150;2
1372;T_S274;4150;10
1373;T_S275;4150;1
1374;T_S251;4152;11
1375;T_S253;4152;3
1376;T_S254;4152;2
1377;T_S256;4152;57
1378;T_S257;4152;40
1379;T_S258;4152;31
1380;T_S260;4152;6
1381;T_S261;4152;4
1382;T_S262;4152;48
1383;T_S263;4152;18
1384;T_S265;4152;16
1385;T_S266;4152;137
1386;T_S267;4152;23
1387;T_S268;4152;5
1388;T_S269;4152;6
1389;T_S270;4152;15
1390;T_S271;4152;59
1391;T_S272;4152;155
1392;T_S273;4152;11
1393;T_S274;4152;55
1394;T_S275;4152;29
1395;T_S260;4154;54
1396;T_S264;4154;11
1397;T_S267;4154;24
1398;T_S268;4154;15
1399;T_S271;4154;22
1400;T_S272;4154;11
1401;T_S249;4155;12
1402;T_S250;4155;10
1403;T_S252;4155;30
1404;T_S253;4155;3
1405;T_S254;4155;12
1406;T_S262;4155;6
1407;T_S263;4155;3
1408;T_S264;4155;3
1409;T_S266;4155;4
1410;T_S269;4155;8
1411;T_S270;4155;77
1412;T_S271;4155;1
1413;T_S272;4155;1
1414;T_S273;4155;1
1415;T_S251;4156;160
1416;T_S253;4156;7
1417;T_S256;4156;37
1418;T_S257;4156;28
1419;T_S262;4156;14
1420;T_S263;4156;37
1421;T_S264;4156;8
1422;T_S266;4156;12
1423;T_S268;4156;2
1424;T_S269;4156;10
1425;T_S270;4156;2
1426;T_S271;4156;113
1427;T_S272;4156;48
1428;T_S273;4156;2
1429;T_S275;4156;15
1430;T_S251;4158;102
1431;T_S253;4158;51
1432;T_S256;4158;156
1433;T_S257;4158;130
1434;T_S258;4158;202
1435;T_S259;4158;100
1436;T_S260;4158;91
1437;T_S261;4158;43
1438;T_S266;4158;58
1439;T_S267;4158;46
1440;T_S268;4158;314
1441;T_S273;4158;9
1442;T_S274;4158;8
1443;T_S275;4158;909
1444;T_S254;4160;46
1445;T_S263;4160;83
1446;T_S264;4160;59
1447;T_S265;4160;7
1448;T_S270;4160;13
1449;T_S273;4160;1
1450;T_S275;4160;30
1451;T_S253;4161;4
1452;T_S256;4161;2
1453;T_S259;4161;140
1454;T_S260;4161;20
1455;T_S261;4161;23
1456;T_S264;4161;6
1457;T_S267;4161;35
1458;T_S268;4161;28
1459;T_S256;4162;5
1460;T_S258;4162;37
1461;T_S259;4162;1
1462;T_S260;4162;75
1463;T_S261;4162;14
1464;T_S267;4162;41
1465;T_S268;4162;57
1466;T_S271;4162;1
1467;T_S249;4172;12
1468;T_S250;4172;4
1469;T_S251;4172;242
1470;T_S252;4172;86
1471;T_S253;4172;113
1472;T_S254;4172;80
1473;T_S255;4172;116
1474;T_S256;4172;30
1475;T_S257;4172;29
1476;T_S258;4172;65
1477;T_S259;4172;544
1478;T_S260;4172;25
1479;T_S261;4172;138
1480;T_S262;4172;76
1481;T_S263;4172;108
1482;T_S264;4172;79
1483;T_S265;4172;90
1484;T_S266;4172;80
1485;T_S273;4172;126
1486;T_S274;4172;20
1487;T_S275;4172;171
1488;T_S263;4174;2707
1489;T_S264;4174;1803
1490;T_S265;4174;1580
1491;T_S249;4176;14
1492;T_S251;4176;3
1493;T_S253;4176;3
1494;T_S254;4176;10
1495;T_S255;4176;18
1496;T_S256;4176;50
1497;T_S257;4176;9
1498;T_S258;4176;6
1499;T_S260;4176;15
1500;T_S265;4176;2
1501;T_S266;4176;4
1502;T_S267;4176;151
1503;T_S268;4176;13
1504;T_S270;4176;1
1505;T_S271;4176;6
1506;T_S272;4176;33
1507;T_S251;4182;1
1508;T_S253;4182;1
1509;T_S256;4182;1
1510;T_S257;4182;1
1511;T_S258;4182;1
1512;T_S259;4182;8
1513;T_S260;4182;1
1514;T_S261;4182;1
1515;T_S263;4182;4
1516;T_S264;4182;1000
1517;T_S269;4182;1
1518;T_S271;4182;1
1519;T_S273;4182;4
1520;T_S274;4182;3
1521;T_S268;4202;1
1522;T_S260;4203;1
1523;T_S267;4203;2
1524;T_S268;4203;2
1525;T_S255;4204;33
1526;T_S256;4204;30
1527;T_S257;4204;24
1528;T_S258;4204;20
1529;T_S260;4204;25
1530;T_S261;4204;2
1531;T_S263;4204;7
1532;T_S265;4204;27
1533;T_S266;4204;36
1534;T_S267;4204;165
1535;T_S268;4204;73
1536;T_S269;4204;49
1537;T_S270;4204;3
1538;T_S271;4204;124
1539;T_S272;4204;47
1540;T_S274;4204;7
1541;T_S256;4205;7
1542;T_S257;4205;8
1543;T_S258;4205;5
1544;T_S260;4205;2
1545;T_S263;4205;19
1546;T_S264;4205;13
1547;T_S266;4205;22
1548;T_S267;4205;48
1549;T_S268;4205;5
1550;T_S271;4205;1
1551;T_S272;4205;2
1552;T_S275;4205;1
1553;T_S249;4206;2
1554;T_S252;4206;9
1555;T_S253;4206;10
1556;T_S254;4206;20
1557;T_S255;4206;150
1558;T_S259;4206;5
1559;T_S261;4206;6
1560;T_S262;4206;1
1561;T_S263;4206;27
1562;T_S264;4206;14
1563;T_S265;4206;73
1564;T_S273;4206;96
1565;T_S249;4207;1
1566;T_S253;4207;2
1567;T_S254;4207;19
1568;T_S263;4207;1
1569;T_S264;4207;1
1570;T_S266;4207;2
1571;T_S274;4207;3
1572;T_S251;4238;1
1573;T_S253;4238;2
1574;T_S257;4238;1
1575;T_S258;4238;1
1576;T_S266;4238;2
1577;T_S271;4238;3
1578;T_S272;4238;4
1579;T_S273;4238;3
1580;T_S275;4238;1
1581;T_S266;4256;1
1582;T_S267;4256;2
1583;T_S268;4256;1
1584;T_S271;4256;1
1585;T_S272;4256;2
1586;T_S274;4256;2
1587;T_S257;4258;1
1588;T_S258;4258;3
1589;T_S263;4258;1
1590;T_S267;4258;1
1591;T_S268;4258;1
1592;T_S271;4258;5
1593;T_S272;4258;4
1594;T_S273;4258;1
1595;T_S274;4258;1
1596;T_S275;4260;1
1597;T_S254;4340;1
1599;T_S249;4374;155
1600;T_S272;4376;3
1601;T_S250;4381;60
1602;T_S269;4407;1
1603;T_S249;4411;3
1604;T_S256;4411;1
1605;T_S257;4411;5
1606;T_S261;4411;1
1607;T_S262;4411;1
1608;T_S266;4411;1
1609;T_S268;4411;1
1610;T_S269;4411;10
1611;T_S270;4411;2
1612;T_S274;4411;2
1613;T_S251;4412;6
1614;T_S253;4412;3
1615;T_S256;4412;6
1616;T_S257;4412;6
1617;T_S258;4412;10
1618;T_S259;4412;7
1619;T_S260;4412;19
1620;T_S261;4412;14
1621;T_S266;4412;4
1622;T_S267;4412;22
1623;T_S268;4412;18
1624;T_S270;4412;11
1625;T_S271;4412;9
1626;T_S272;4412;9
1627;T_S273;4412;21
1628;T_S274;4412;10
1629;T_S275;4412;7
1630;T_S251;4426;3
1631;T_S256;4426;2
1632;T_S257;4426;4
1633;T_S258;4426;3
1634;T_S259;4426;1
1635;T_S260;4426;2
1636;T_S261;4426;3
1637;T_S267;4426;4
1638;T_S268;4426;4
1639;T_S271;4426;1
1640;T_S273;4426;1
1641;T_S274;4426;6
1642;T_S275;4426;2
1647;T_S258;4438;3
1648;T_S259;4438;1
1649;T_S267;4438;2
1650;T_S268;4438;2
1651;T_S271;4438;2
1652;T_S272;4438;1
1660;T_S249;4442;1
1661;T_S251;4442;1
1662;T_S271;4442;2
1663;T_S265;4450;1
1664;T_S265;4451;1
1684;T_S249;4452;4
1685;T_S250;4452;1
1686;T_S251;4452;6
1687;T_S252;4452;12
1688;T_S253;4452;2
1689;T_S254;4452;1
1690;T_S255;4452;2
1691;T_S256;4452;3
1692;T_S257;4452;4
1693;T_S258;4452;2
1694;T_S259;4452;2
1695;T_S260;4452;5
1696;T_S262;4452;3
1697;T_S263;4452;2
1698;T_S264;4452;9
1699;T_S265;4452;5
1700;T_S268;4452;2
1701;T_S269;4452;1
1702;T_S270;4452;3
1703;T_S272;4452;1
1704;T_S275;4452;2
1711;T_S251;4454;3
1712;T_S253;4454;1
1713;T_S254;4454;1
1714;T_S255;4454;7
1715;T_S256;4454;6
1716;T_S257;4454;1
1717;T_S258;4454;5
1718;T_S259;4454;7
1719;T_S260;4454;5
1720;T_S261;4454;3
1721;T_S263;4454;9
1722;T_S264;4454;3
1723;T_S265;4454;8
1724;T_S266;4454;3
1725;T_S267;4454;3
1726;T_S268;4454;3
1727;T_S271;4454;1
1728;T_S272;4454;1
1729;T_S273;4454;1
1730;T_S275;4454;2
1737;T_S251;4460;3
1738;T_S252;4460;2
1739;T_S253;4460;1
1740;T_S254;4460;1
1741;T_S255;4460;3
1742;T_S256;4460;1
1743;T_S259;4460;1
1744;T_S263;4460;1
1745;T_S264;4460;1
1746;T_S265;4460;6
1752;T_S251;4466;8
1753;T_S253;4466;1
1754;T_S256;4466;3
1755;T_S257;4466;22
1756;T_S258;4466;1
1757;T_S259;4466;2
1758;T_S260;4466;6
1759;T_S261;4466;1
1760;T_S262;4466;3
1761;T_S263;4466;1
1762;T_S264;4466;4
1763;T_S265;4466;1
1764;T_S266;4466;2
1765;T_S267;4466;7
1766;T_S268;4466;3
1767;T_S269;4466;5
1768;T_S270;4466;3
1769;T_S271;4466;5
1770;T_S272;4466;4
1771;T_S275;4466;1
1773;T_S250;4468;1
1774;T_S251;4468;1
1775;T_S264;4468;2
1776;T_S265;4468;1
1777;T_S267;4468;1
1778;T_S273;4468;1
1779;T_S251;4480;1
1780;T_S267;4480;2
1781;T_S269;4480;1
1782;T_S272;4480;2
1790;T_S261;4486;1
1791;T_S275;4486;1
1792;T_S251;4503;105
1793;T_S264;4503;8
1794;T_S266;4503;2
1795;T_S268;4503;4
1796;T_S273;4503;1
1797;T_S275;4503;27
1798;T_S253;4507;20
1799;T_S261;4507;12
1806;T_S254;4512;1
1807;T_S256;4512;1
1808;T_S257;4512;1
1809;T_S259;4512;2
1810;T_S260;4512;1
1811;T_S261;4512;1
1812;T_S262;4512;2
1813;T_S264;4512;1
1814;T_S269;4512;1
1815;T_S270;4512;1
1816;T_S271;4512;1
1817;T_S274;4512;1
1818;T_S275;4512;1
1819;T_S251;4514;3
1820;T_S270;4514;1
1821;T_S271;4514;2
1822;T_S272;4514;1
1827;T_S258;4516;3
1828;T_S259;4516;2
1829;T_S269;4516;1
1830;T_S270;4516;1
1831;T_S272;4516;1
1832;T_S249;4518;3
1833;T_S250;4518;1
1834;T_S251;4518;5
1835;T_S252;4518;8
1836;T_S254;4518;6
1837;T_S255;4518;1
1838;T_S261;4518;5
1839;T_S262;4518;2
1840;T_S264;4518;1
1841;T_S273;4518;7
1842;T_S274;4518;3
1843;T_S275;4518;1
1849;T_S251;4536;2
1850;T_S252;4536;2
1851;T_S255;4536;1
1852;T_S256;4536;3
1853;T_S257;4536;1
1854;T_S258;4536;3
1855;T_S259;4536;2
1856;T_S260;4536;1
1857;T_S261;4536;1
1858;T_S263;4536;1
1859;T_S264;4536;1
1860;T_S267;4536;3
1861;T_S268;4536;1
1862;T_S273;4536;5
1863;T_S274;4536;2
1864;T_S275;4536;2
1865;T_S250;4540;1
1866;T_S251;4540;3
1867;T_S253;4540;4
1868;T_S255;4540;1
1869;T_S256;4540;13
1870;T_S257;4540;1
1871;T_S258;4540;10
1872;T_S259;4540;9
1873;T_S260;4540;20
1874;T_S261;4540;1
1875;T_S262;4540;1
1876;T_S264;4540;6
1877;T_S265;4540;1
1878;T_S266;4540;5
1879;T_S267;4540;13
1880;T_S268;4540;11
1881;T_S269;4540;4
1882;T_S270;4540;4
1883;T_S271;4540;7
1884;T_S272;4540;14
1885;T_S273;4540;11
1886;T_S274;4540;8
1887;T_S275;4540;13
1888;T_S264;4548;3
1889;T_S266;4548;1
1890;T_S267;4548;3
1891;T_S252;4551;1
1892;T_S251;4552;3
1893;T_S253;4552;3
1894;T_S254;4552;6
1895;T_S256;4552;6
1896;T_S257;4552;3
1897;T_S258;4552;3
1898;T_S259;4552;3
1899;T_S260;4552;1
1900;T_S261;4552;1
1901;T_S262;4552;3
1902;T_S266;4552;4
1903;T_S267;4552;14
1904;T_S268;4552;6
1905;T_S269;4552;3
1906;T_S270;4552;8
1907;T_S271;4552;6
1908;T_S273;4552;5
1909;T_S274;4552;12
1910;T_S275;4552;3
1911;T_S253;4553;1
1912;T_S254;4553;3
1913;T_S256;4553;2
1914;T_S262;4553;1
1915;T_S266;4553;10
1916;T_S267;4553;2
1917;T_S269;4553;1
1918;T_S270;4553;2
1919;T_S271;4553;4
1920;T_S272;4553;10
1921;T_S273;4553;1
1922;T_S274;4553;1
1923;T_S275;4553;1
1924;T_S253;4554;1
1925;T_S254;4554;1
1926;T_S256;4554;3
1927;T_S266;4554;2
1928;T_S267;4554;1
1929;T_S269;4554;1
1930;T_S270;4554;2
1931;T_S271;4554;6
1932;T_S273;4554;1
1933;T_S274;4554;3
1934;T_S275;4554;6
1935;T_S249;4556;37
1936;T_S250;4556;22
1937;T_S251;4556;6
1938;T_S252;4556;59
1939;T_S253;4556;14
1940;T_S254;4556;11
1941;T_S255;4556;22
1942;T_S256;4556;5
1943;T_S257;4556;1
1944;T_S258;4556;1
1945;T_S259;4556;5
1946;T_S261;4556;18
1947;T_S262;4556;11
1948;T_S263;4556;13
1949;T_S264;4556;22
1950;T_S265;4556;12
1951;T_S266;4556;10
1952;T_S275;4556;3
1953;T_S253;4558;1
1954;T_S259;4558;2
1955;T_S273;4558;2
1956;T_S269;4560;1
1957;T_S270;4560;1
1958;T_S255;4561;2
1959;T_S261;4561;1
1960;T_S267;4561;1
1961;T_S268;4561;1
1962;T_S271;4561;2
1963;T_S272;4561;4
1964;T_S274;4561;1
1965;T_S250;4565;1
1966;T_S253;4565;1
1967;T_S254;4568;3
1968;T_S261;4568;1
1969;T_S264;4568;1
1970;T_S269;4568;24
1971;T_S270;4568;22
1972;T_S273;4568;47
1983;T_S253;4576;4
1984;T_S256;4576;4
1985;T_S257;4576;3
1986;T_S258;4576;3
1987;T_S259;4576;2
1988;T_S260;4576;10
1989;T_S261;4576;4
1990;T_S265;4576;2
1991;T_S266;4576;1
1992;T_S267;4576;3
1993;T_S268;4576;7
1994;T_S272;4576;4
1995;T_S273;4576;3
1996;T_S275;4576;2
2013;T_S249;4578;3
2014;T_S252;4578;2
2015;T_S253;4578;3
2016;T_S254;4578;2
2017;T_S255;4578;4
2018;T_S256;4578;5
2019;T_S257;4578;1
2020;T_S258;4578;2
2021;T_S259;4578;1
2022;T_S260;4578;1
2023;T_S261;4578;1
2024;T_S262;4578;3
2025;T_S263;4578;5
2026;T_S264;4578;6
2027;T_S265;4578;6
2028;T_S266;4578;4
2029;T_S267;4578;3
2030;T_S268;4578;1
2031;T_S269;4578;2
2032;T_S270;4578;1
2033;T_S273;4578;1
2034;T_S275;4578;5
2035;T_S258;4585;1
2036;T_S267;4585;1
2037;T_S269;4585;1
2038;T_S270;4585;1
2039;T_S271;4585;1
2040;T_S272;4585;1
2041;T_S271;4586;1
2042;T_S272;4586;1
2043;T_S253;4594;1
2044;T_S256;4594;4
2045;T_S258;4594;4
2046;T_S259;4594;1
2047;T_S260;4594;12
2048;T_S261;4594;1
2049;T_S264;4594;2
2050;T_S266;4594;2
2051;T_S267;4594;1
2052;T_S268;4594;1
2053;T_S270;4594;1
2054;T_S273;4594;1
2055;T_S274;4594;2
2056;T_S275;4594;3
2057;T_S257;4598;1
2058;T_S258;4598;3
2059;T_S259;4598;1
2060;T_S260;4598;1
2061;T_S267;4598;1
2062;T_S268;4598;2
2063;T_S273;4598;1
2064;T_S274;4598;2
2065;T_S251;4600;1
2066;T_S253;4600;2
2067;T_S254;4600;6
2068;T_S255;4600;2
2069;T_S256;4600;2
2070;T_S257;4600;1
2071;T_S258;4600;4
2072;T_S259;4600;6
2073;T_S260;4600;1
2074;T_S261;4600;1
2075;T_S262;4600;2
2076;T_S264;4600;2
2077;T_S265;4600;1
2078;T_S266;4600;6
2079;T_S267;4600;1
2080;T_S271;4600;2
2081;T_S272;4600;1
2082;T_S273;4600;10
2083;T_S274;4600;6
2084;T_S275;4600;3
2085;T_S251;4607;5
2086;T_S253;4607;1
2087;T_S256;4607;2
2088;T_S258;4607;3
2089;T_S259;4607;3
2090;T_S260;4607;2
2091;T_S261;4607;1
2092;T_S264;4607;3
2093;T_S267;4607;1
2094;T_S268;4607;2
2095;T_S273;4607;5
2096;T_S274;4607;1
2097;T_S275;4607;1
2098;T_S271;4610;2
2099;T_S272;4610;1
2100;T_S273;4610;1
2101;T_S269;4620;1
2102;T_S270;4620;1
2103;T_S271;4620;3
2104;T_S272;4620;7
2105;T_S273;4620;1
2106;T_S255;4629;1
2107;T_S267;4629;2
2108;T_S268;4629;2
2109;T_S271;4629;2
2110;T_S272;4629;1
2111;T_S273;4629;1
2112;T_S257;4630;1
2113;T_S259;4630;1
2114;T_S257;4632;1
2115;T_S258;4632;2
2116;T_S260;4632;2
2117;T_S267;4632;1
2118;T_S268;4632;2
2119;T_S271;4632;2
2120;T_S275;4632;1
2121;T_S275;4634;1
2122;T_S253;4649;1
2123;T_S264;4649;1
2124;T_S258;4653;2
2125;T_S249;4660;1
2126;T_S251;4660;1
2127;T_S252;4660;1
2128;T_S254;4660;2
2129;T_S256;4660;2
2130;T_S257;4660;3
2131;T_S264;4660;4
2132;T_S267;4660;8
2133;T_S268;4660;1
2134;T_S269;4660;10
2135;T_S270;4660;12
2136;T_S271;4660;8
2137;T_S272;4660;4
2138;T_S273;4660;5
2139;T_S274;4660;5
2140;T_S250;4662;2
2141;T_S252;4662;1
2142;T_S249;4664;3
2143;T_S252;4664;2
2144;T_S256;4664;1
2145;T_S263;4664;3
2146;T_S254;4670;1
2147;T_S256;4678;4
2148;T_S257;4678;28
2149;T_S266;4678;2
2150;T_S272;4678;20
2151;T_S274;4678;27
2152;T_S252;4680;5
2153;T_S253;4680;15
2154;T_S254;4680;1
2155;T_S255;4680;4
2156;T_S256;4680;28
2157;T_S257;4680;7
2158;T_S258;4680;7
2159;T_S259;4680;3
2160;T_S260;4680;13
2161;T_S261;4680;2
2162;T_S262;4680;6
2163;T_S264;4680;3
2164;T_S266;4680;20
2165;T_S267;4680;5
2166;T_S268;4680;3
2167;T_S269;4680;9
2168;T_S270;4680;23
2169;T_S272;4680;3
2170;T_S273;4680;10
2171;T_S274;4680;35
2172;T_S275;4680;16
2173;T_S252;4682;1
2174;T_S253;4682;2
2175;T_S256;4682;15
2176;T_S257;4682;24
2177;T_S266;4682;4
2178;T_S267;4682;21
2179;T_S268;4682;3
2180;T_S269;4682;25
2181;T_S270;4682;24
2182;T_S271;4682;127
2183;T_S272;4682;55
2184;T_S273;4682;1
2185;T_S274;4682;4
2186;T_S249;4684;25
2187;T_S250;4684;4
2188;T_S251;4684;28
2189;T_S252;4684;17
2190;T_S253;4684;20
2191;T_S254;4684;26
2192;T_S255;4684;19
2193;T_S256;4684;3
2194;T_S257;4684;7
2195;T_S258;4684;6
2196;T_S259;4684;10
2197;T_S260;4684;2
2198;T_S261;4684;9
2199;T_S262;4684;10
2200;T_S263;4684;12
2201;T_S264;4684;11
2202;T_S265;4684;35
2203;T_S266;4684;2
2204;T_S270;4684;9
2205;T_S273;4684;13
2206;T_S274;4684;4
2207;T_S275;4684;19
2208;T_S253;4686;1
2209;T_S256;4686;2
2210;T_S257;4686;2
2211;T_S258;4686;7
2212;T_S260;4686;4
2213;T_S261;4686;2
2214;T_S265;4686;2
2215;T_S267;4686;16
2216;T_S268;4686;18
2217;T_S269;4686;2
2218;T_S270;4686;5
2219;T_S271;4686;17
2220;T_S272;4686;11
2221;T_S273;4686;2
2222;T_S274;4686;3
2223;T_S267;4691;3
2224;T_S271;4691;2
2225;T_S272;4691;1
2226;T_S269;4692;1
2227;T_S270;4692;1
2228;T_S249;4725;20
2229;T_S251;4725;2
2230;T_S252;4725;117
2231;T_S253;4725;3
2232;T_S256;4725;11
2233;T_S258;4725;4
2234;T_S259;4725;2
2235;T_S260;4725;5
2236;T_S262;4725;1
2237;T_S263;4725;8
2238;T_S264;4725;26
2239;T_S266;4725;1
2240;T_S267;4725;5
2241;T_S268;4725;6
2242;T_S269;4725;1
2243;T_S271;4725;6
2244;T_S273;4725;14
2252;T_S251;4738;2
2253;T_S253;4738;1
2254;T_S255;4738;1
2255;T_S256;4738;3
2256;T_S259;4738;1
2257;T_S266;4738;2
2258;T_S267;4738;1
2259;T_S268;4738;1
2260;T_S274;4738;1
2273;T_S249;4742;37
2274;T_S251;4742;3
2275;T_S253;4742;1
2276;T_S256;4742;10
2277;T_S257;4742;5
2278;T_S260;4742;1
2279;T_S262;4742;6
2280;T_S263;4742;6
2281;T_S267;4742;13
2282;T_S275;4742;1
2296;T_S251;4754;6
2297;T_S253;4754;3
2298;T_S254;4754;1
2299;T_S256;4754;3
2300;T_S258;4754;6
2301;T_S259;4754;1
2302;T_S260;4754;5
2303;T_S263;4754;1
2304;T_S264;4754;5
2305;T_S265;4754;3
2306;T_S266;4754;11
2324;T_S249;4756;3
2325;T_S251;4756;3
2326;T_S252;4756;1
2327;T_S253;4756;19
2328;T_S254;4756;2
2329;T_S255;4756;4
2330;T_S256;4756;2
2331;T_S257;4756;4
2332;T_S258;4756;14
2333;T_S259;4756;6
2334;T_S260;4756;7
2335;T_S261;4756;5
2336;T_S262;4756;2
2337;T_S266;4756;6
2338;T_S267;4756;5
2339;T_S268;4756;2
2340;T_S271;4756;1
2341;T_S273;4756;1
2342;T_S274;4756;16
2343;T_S275;4756;15
2345;T_S254;4757;1
2346;T_S263;4757;1
2347;T_S266;4757;3
2348;T_S273;4757;1
2349;T_S274;4757;1
2356;T_S253;4758;1
2357;T_S255;4758;3
2358;T_S256;4758;9
2359;T_S257;4758;4
2360;T_S258;4758;5
2361;T_S259;4758;1
2362;T_S260;4758;28
2363;T_S261;4758;3
2364;T_S265;4758;15
2365;T_S267;4758;2
2366;T_S269;4758;2
2367;T_S270;4758;1
2368;T_S271;4758;2
2369;T_S272;4758;12
2370;T_S273;4758;1
2371;T_S274;4758;1
2372;T_S250;4759;1
2373;T_S253;4759;4
2374;T_S254;4759;1
2375;T_S255;4759;7
2376;T_S259;4759;1
2377;T_S261;4759;2
2378;T_S263;4759;4
2379;T_S264;4759;2
2380;T_S265;4759;55
2381;T_S274;4759;1
2399;T_S249;4760;132
2400;T_S250;4760;19
2401;T_S251;4760;1
2402;T_S252;4760;35
2403;T_S253;4760;68
2404;T_S254;4760;76
2405;T_S255;4760;46
2406;T_S256;4760;105
2407;T_S257;4760;88
2408;T_S258;4760;71
2409;T_S259;4760;11
2410;T_S260;4760;10
2411;T_S261;4760;21
2412;T_S262;4760;77
2413;T_S263;4760;72
2414;T_S264;4760;40
2415;T_S265;4760;6
2416;T_S266;4760;24
2417;T_S268;4760;1
2418;T_S269;4760;51
2419;T_S270;4760;63
2420;T_S273;4760;37
2421;T_S274;4760;6
2422;T_S275;4760;139
2429;T_S258;4761;2
2430;T_S260;4761;1
2431;T_S267;4761;4
2432;T_S272;4761;1
2448;T_S254;4762;2
2449;T_S256;4762;6
2450;T_S257;4762;8
2451;T_S258;4762;2
2452;T_S259;4762;12
2453;T_S260;4762;10
2454;T_S266;4762;1
2455;T_S267;4762;21
2456;T_S268;4762;4
2457;T_S269;4762;7
2458;T_S270;4762;6
2459;T_S271;4762;3
2460;T_S273;4762;7
2461;T_S274;4762;21
2462;T_S275;4762;1
2472;T_S249;4764;2
2473;T_S251;4764;4
2474;T_S253;4764;2
2475;T_S254;4764;1
2476;T_S255;4764;15
2477;T_S256;4764;18
2478;T_S257;4764;8
2479;T_S258;4764;2
2480;T_S260;4764;2
2481;T_S262;4764;2
2482;T_S263;4764;1
2483;T_S264;4764;6
2484;T_S265;4764;2
2485;T_S266;4764;5
2486;T_S269;4764;3
2487;T_S273;4764;1
2488;T_S275;4764;6
2496;T_S256;4765;1
2497;T_S259;4765;2
2498;T_S266;4765;5
2499;T_S267;4765;3
2500;T_S268;4765;3
2501;T_S269;4765;7
2502;T_S270;4765;8
2503;T_S271;4765;1
2504;T_S273;4765;40
2505;T_S274;4765;2
2519;T_S249;4766;5
2520;T_S251;4766;30
2521;T_S253;4766;1
2522;T_S255;4766;1
2523;T_S256;4766;9
2524;T_S257;4766;15
2525;T_S258;4766;14
2526;T_S260;4766;21
2527;T_S261;4766;10
2528;T_S264;4766;2
2529;T_S266;4766;16
2530;T_S267;4766;10
2531;T_S268;4766;1
2532;T_S269;4766;2
2533;T_S273;4766;1
2534;T_S275;4766;4
2547;T_S249;4770;2
2548;T_S253;4770;4
2549;T_S256;4770;3
2550;T_S258;4770;12
2551;T_S259;4770;9
2552;T_S260;4770;13
2553;T_S261;4770;1
2554;T_S266;4770;2
2555;T_S267;4770;6
2556;T_S268;4770;2
2557;T_S271;4770;1
2558;T_S273;4770;5
2559;T_S275;4770;3
2565;T_S251;4772;1
2566;T_S256;4772;2
2567;T_S263;4772;1
2568;T_S266;4772;2
2569;T_S267;4772;8
2570;T_S268;4772;5
2571;T_S274;4772;10
2582;T_S253;4773;7
2583;T_S256;4773;6
2584;T_S257;4773;1
2585;T_S259;4773;3
2586;T_S260;4773;7
2587;T_S261;4773;5
2588;T_S263;4773;4
2589;T_S267;4773;21
2590;T_S268;4773;14
2591;T_S269;4773;10
2592;T_S270;4773;4
2593;T_S271;4773;13
2594;T_S272;4773;7
2595;T_S274;4773;3
2610;T_S256;4777;2
2611;T_S257;4777;2
2612;T_S258;4777;4
2613;T_S260;4777;2
2614;T_S266;4777;3
2615;T_S267;4777;3
2616;T_S271;4777;3
2617;T_S273;4777;2
2618;T_S275;4777;2
2628;T_S251;4778;9
2629;T_S255;4778;2
2630;T_S256;4778;7
2631;T_S259;4778;1
2632;T_S260;4778;1
2633;T_S261;4778;7
2634;T_S263;4778;4
2635;T_S265;4778;16
2636;T_S266;4778;6
2637;T_S267;4778;3
2638;T_S268;4778;1
2639;T_S269;4778;2
2640;T_S270;4778;2
2641;T_S271;4778;1
2642;T_S272;4778;5
2643;T_S275;4778;2
2663;T_S252;4780;2
2664;T_S253;4780;10
2665;T_S254;4780;1
2666;T_S255;4780;17
2667;T_S256;4780;88
2668;T_S257;4780;12
2669;T_S258;4780;15
2670;T_S259;4780;20
2671;T_S260;4780;7
2672;T_S261;4780;18
2673;T_S262;4780;2
2674;T_S263;4780;16
2675;T_S264;4780;12
2676;T_S265;4780;21
2677;T_S266;4780;16
2678;T_S267;4780;51
2679;T_S268;4780;42
2680;T_S269;4780;3
2681;T_S270;4780;2
2682;T_S271;4780;12
2683;T_S272;4780;26
2684;T_S273;4780;67
2685;T_S274;4780;11
2686;T_S275;4780;15
2697;T_S256;4782;1
2698;T_S258;4782;2
2699;T_S260;4782;2
2700;T_S267;4782;6
2701;T_S268;4782;4
2702;T_S271;4782;1
2703;T_S273;4782;1
2704;T_S275;4782;1
2705;T_S252;4864;1
2706;T_S254;4864;5
2707;T_S267;4868;1
2708;T_S268;4868;1
2709;T_S269;4868;8
2710;T_S270;4868;1
2711;T_S271;4868;2
2712;T_S272;4868;2
2713;T_S274;4868;1
2714;T_S254;4872;3
2715;T_S265;4872;1
2716;T_S270;4872;5
2717;T_S273;4872;1
2718;T_S254;4942;1
2719;T_S256;4942;6
2720;T_S257;4942;2
2721;T_S258;4942;1
2722;T_S259;4942;1
2723;T_S260;4942;4
2724;T_S261;4942;2
2725;T_S262;4942;1
2726;T_S263;4942;1
2727;T_S264;4942;1
2728;T_S266;4942;4
2729;T_S267;4942;2
2730;T_S268;4942;10
2731;T_S269;4942;1
2732;T_S270;4942;1
2733;T_S271;4942;8
2734;T_S272;4942;7
2735;T_S274;4942;2
2736;T_S266;4952;1
2737;T_S249;4968;1
2738;T_S249;5018;3
2739;T_S251;5018;4
2740;T_S252;5018;5
2741;T_S253;5018;6
2742;T_S254;5018;5
2743;T_S256;5018;3
2744;T_S260;5018;2
2745;T_S261;5018;2
2746;T_S264;5018;1
2747;T_S271;5018;1
2748;T_S273;5018;2
2749;T_S274;5018;6
2750;T_S275;5018;2
2751;T_S268;5019;1
2752;T_S255;5050;7
2753;T_S256;5050;1
2754;T_S257;5050;2
2755;T_S259;5050;7
2756;T_S260;5050;1
2757;T_S261;5050;4
2758;T_S263;5050;4
2759;T_S264;5050;2
2760;T_S265;5050;8
2761;T_S266;5050;2
2762;T_S268;5050;1
2763;T_S273;5050;4
2764;T_S274;5050;4
2765;T_S252;5054;4
2766;T_S254;5054;1
2767;T_S258;5054;1
2768;T_S259;5054;2
2769;T_S265;5054;1
2770;T_S266;5054;1
2771;T_S272;5054;1
2772;T_S275;5054;1
2773;T_S249;5200;2
2774;T_S250;5200;2
2775;T_S252;5200;2
2776;T_S254;5200;5
2777;T_S269;5200;7
2778;T_S270;5200;2
2779;T_S249;5208;4
2780;T_S250;5208;6
2781;T_S253;5208;1
2782;T_S254;5208;1
2783;T_S259;5208;1
2784;T_S263;5208;1
2785;T_S252;5222;2
2786;T_S250;5282;1
2787;T_S252;5282;2
2788;T_S249;5291;2
2789;T_S265;5291;1
2790;T_S271;5514;1
2791;T_S250;5542;3
2792;T_S250;5548;2
2793;T_S252;5550;1
2794;T_S251;5552;4
2795;T_S269;5552;13
2796;T_S270;5552;6
2797;T_S250;5610;1
2798;T_S268;5610;2
2802;T_S251;5614;46
2803;T_S261;5614;16
2811;T_S253;5622;4
2812;T_S254;5622;8
2813;T_S255;5622;3
2814;T_S256;5622;3
2815;T_S257;5622;4
2819;T_S249;5623;7
2820;T_S251;5623;3
2821;T_S254;5623;17
2822;T_S255;5623;1
2823;T_S262;5623;1
2824;T_S263;5623;5
2825;T_S264;5623;1
2826;T_S265;5623;1
2827;T_S266;5623;2
2828;T_S268;5623;2
2829;T_S269;5623;3
2830;T_S273;5623;6
2831;T_S274;5623;4
2832;T_S275;5623;2
2833;T_S263;5624;1
2841;T_S249;5628;28
2842;T_S250;5628;18
2843;T_S252;5628;2
2844;T_S253;5628;14
2845;T_S254;5628;5
2846;T_S255;5628;4
2847;T_S256;5628;34
2848;T_S258;5628;1
2849;T_S259;5628;1
2850;T_S260;5628;4
2851;T_S262;5628;7
2852;T_S263;5628;9
2853;T_S265;5628;1
2854;T_S266;5628;3
2855;T_S269;5628;7
2856;T_S274;5628;3
2857;T_S275;5628;5
2868;T_S256;5629;7
2869;T_S257;5629;2
2870;T_S260;5629;7
2871;T_S266;5629;9
2872;T_S267;5629;66
2873;T_S268;5629;10
2874;T_S271;5629;56
2875;T_S275;5629;2
2885;T_S252;5630;1
2886;T_S256;5630;7
2887;T_S257;5630;2
2888;T_S258;5630;29
2889;T_S260;5630;5
2890;T_S262;5630;2
2891;T_S264;5630;1
2892;T_S266;5630;18
2893;T_S269;5630;3
2894;T_S270;5630;24
2895;T_S271;5630;7
2896;T_S272;5630;12
2897;T_S274;5630;3
2898;T_S275;5630;6
2899;T_S256;5632;1
2900;T_S259;5632;2
2901;T_S264;5632;4
2902;T_S274;5632;1
2903;T_S275;5632;1
2908;T_S269;5634;13
2909;T_S270;5634;24
2910;T_S274;5634;4
2911;T_S275;5634;1
2913;T_S259;5636;2
2919;T_S257;5638;7
2920;T_S260;5638;3
2921;T_S269;5638;9
2922;T_S270;5638;4
2928;T_S249;5640;1
2929;T_S251;5640;9
2930;T_S256;5640;2
2931;T_S257;5640;6
2932;T_S260;5640;2
2933;T_S268;5640;40
2934;T_S274;5640;8
2935;T_S275;5640;8
2937;T_S251;5650;7
2938;T_S253;5650;1
2939;T_S254;5650;4
2940;T_S255;5650;1
2941;T_S257;5650;3
2942;T_S258;5650;5
2943;T_S265;5650;1
2944;T_S267;5650;4
2945;T_S270;5650;1
2966;T_S249;5652;20
2967;T_S250;5652;5
2968;T_S251;5652;11
2969;T_S252;5652;8
2970;T_S253;5652;12
2971;T_S254;5652;12
2972;T_S255;5652;22
2973;T_S256;5652;24
2974;T_S257;5652;21
2975;T_S258;5652;97
2976;T_S259;5652;11
2977;T_S260;5652;26
2978;T_S261;5652;11
2979;T_S262;5652;6
2980;T_S263;5652;4
2981;T_S264;5652;8
2982;T_S265;5652;3
2983;T_S266;5652;79
2984;T_S267;5652;60
2985;T_S268;5652;23
2986;T_S269;5652;8
2987;T_S270;5652;8
2988;T_S271;5652;23
2989;T_S273;5652;14
2990;T_S274;5652;55
2991;T_S275;5652;17
2992;T_S267;5654;38
2998;T_S253;5660;1
2999;T_S256;5660;13
3000;T_S257;5660;1
3001;T_S275;5660;1
3002;T_S256;5664;6
3003;T_S257;5664;1
3004;T_S258;5664;15
3005;T_S259;5664;1
3006;T_S266;5664;5
3007;T_S275;5664;1
3018;T_S251;5668;9
3019;T_S253;5668;4
3020;T_S256;5668;4
3021;T_S258;5668;6
3022;T_S269;5668;3
3028;T_S251;5670;2
3029;T_S271;5670;2
3049;T_S249;5672;1
3050;T_S251;5672;10
3051;T_S252;5672;1
3052;T_S254;5672;5
3053;T_S256;5672;4
3054;T_S257;5672;1
3055;T_S258;5672;5
3056;T_S259;5672;6
3057;T_S260;5672;6
3058;T_S261;5672;3
3059;T_S262;5672;1
3060;T_S263;5672;2
3061;T_S264;5672;1
3062;T_S266;5672;2
3063;T_S267;5672;13
3064;T_S269;5672;4
3065;T_S270;5672;9
3066;T_S271;5672;13
3067;T_S272;5672;1
3068;T_S275;5672;1
3082;T_S251;5694;5
3083;T_S252;5694;2
3084;T_S253;5694;7
3085;T_S254;5694;5
3086;T_S255;5694;12
3087;T_S256;5694;1
3088;T_S258;5694;12
3089;T_S259;5694;9
3090;T_S260;5694;4
3091;T_S261;5694;11
3092;T_S262;5694;1
3093;T_S263;5694;5
3094;T_S264;5694;12
3095;T_S265;5694;11
3096;T_S266;5694;3
3097;T_S267;5694;7
3098;T_S268;5694;20
3099;T_S271;5694;1
3100;T_S273;5694;54
3101;T_S274;5694;85
3102;T_S275;5694;1
3116;T_S249;5696;5
3117;T_S251;5696;3
3118;T_S253;5696;8
3119;T_S254;5696;6
3120;T_S255;5696;8
3121;T_S256;5696;5
3122;T_S257;5696;5
3123;T_S258;5696;3
3124;T_S259;5696;3
3125;T_S260;5696;4
3126;T_S262;5696;3
3127;T_S263;5696;5
3128;T_S264;5696;2
3129;T_S265;5696;4
3130;T_S266;5696;4
3131;T_S267;5696;3
3132;T_S268;5696;6
3133;T_S274;5696;5
3134;T_S275;5696;2
3140;T_S256;5700;1
3141;T_S267;5700;20
3149;T_S249;5706;3
3150;T_S251;5706;3
3151;T_S255;5706;1
3152;T_S256;5706;4
3153;T_S257;5706;1
3154;T_S258;5706;6
3155;T_S260;5706;5
3156;T_S261;5706;3
3157;T_S263;5706;1
3158;T_S264;5706;1
3159;T_S266;5706;1
3160;T_S268;5706;2
3170;T_S249;5708;14
3171;T_S251;5708;13
3172;T_S252;5708;1
3173;T_S253;5708;11
3174;T_S254;5708;2
3175;T_S255;5708;4
3176;T_S256;5708;2
3177;T_S257;5708;4
3178;T_S258;5708;67
3179;T_S259;5708;6
3180;T_S261;5708;5
3181;T_S262;5708;1
3182;T_S263;5708;2
3183;T_S264;5708;2
3184;T_S265;5708;4
3185;T_S266;5708;11
3186;T_S270;5708;1
3187;T_S274;5708;4
3188;T_S275;5708;10
3198;T_S251;5712;4
3199;T_S253;5712;2
3200;T_S255;5712;5
3201;T_S257;5712;2
3202;T_S258;5712;2
3203;T_S259;5712;2
3204;T_S260;5712;10
3205;T_S261;5712;2
3206;T_S262;5712;4
3207;T_S263;5712;2
3208;T_S264;5712;3
3209;T_S265;5712;5
3210;T_S266;5712;4
3211;T_S275;5712;2
3223;T_S256;5714;2
3224;T_S257;5714;2
3225;T_S260;5714;5
3226;T_S265;5714;2
3227;T_S266;5714;1
3228;T_S271;5714;2
3229;T_S275;5714;2
3239;T_S252;5715;1
3240;T_S257;5715;4
3241;T_S265;5715;2
3242;T_S267;5715;20
3243;T_S269;5715;21
3244;T_S270;5715;19
3245;T_S250;5716;1
3246;T_S251;5716;6
3247;T_S261;5716;2
3256;T_S251;5718;4
3257;T_S253;5718;6
3258;T_S254;5718;3
3259;T_S256;5718;4
3260;T_S258;5718;5
3261;T_S259;5718;9
3262;T_S260;5718;4
3263;T_S261;5718;3
3264;T_S263;5718;2
3265;T_S265;5718;11
3266;T_S266;5718;3
3267;T_S275;5718;2
3271;T_S251;5728;3
3272;T_S253;5728;5
3273;T_S255;5728;8
3274;T_S256;5728;1
3275;T_S257;5728;1
3276;T_S258;5728;1
3277;T_S263;5728;1
3278;T_S265;5728;1
3279;T_S266;5728;3
3280;T_S267;5728;1
3281;T_S275;5728;1
3282;T_S255;5910;8
3284;T_S259;5930;1
3285;T_S268;5930;1
3287;T_S251;6255;1
3288;T_S256;6255;3
3289;T_S258;6255;1
3290;T_S260;6255;2
3291;T_S263;6255;1
3292;T_S264;6255;1
3293;T_S267;6255;1
3294;T_S272;6255;2
3301;T_S251;6260;3
3302;T_S253;6260;1
3303;T_S255;6260;3
3304;T_S258;6260;2
3305;T_S262;6260;1
3306;T_S263;6260;1
3307;T_S264;6260;1
3308;T_S265;6260;3
3309;T_S267;6260;1
3310;T_S268;6260;1
3311;T_S270;6260;1
3312;T_S271;6260;4
3313;T_S272;6260;4
3316;T_S269;6300;1
3317;T_S272;6300;2
3318;T_S251;6316;8
3319;T_S255;6316;1
3320;T_S256;6316;4
3321;T_S258;6316;2
3322;T_S260;6316;2
3323;T_S261;6316;2
3324;T_S264;6316;6
3325;T_S265;6316;2
3326;T_S266;6316;2
3327;T_S268;6316;1
3328;T_S273;6316;11
3329;T_S274;6316;2
3330;T_S275;6316;3
3331;T_S267;6338;1
3338;T_S251;6382;7
3339;T_S253;6382;2
3340;T_S255;6382;2
3341;T_S265;6382;4
3342;T_S267;6382;1
3343;T_S269;6382;7
3344;T_S270;6382;6
3345;T_S271;6382;4
3346;T_S272;6382;5
3347;T_S273;6382;2
3348;T_S254;6440;1
3349;T_S251;6482;1
3350;T_S258;6482;2
3351;T_S259;6482;1
3352;T_S260;6482;1
3353;T_S263;6482;1
3354;T_S271;6482;2
3355;T_S275;6482;4
3356;T_S274;6494;1
3357;T_S253;6507;1
3358;T_S249;6508;1
3359;T_S251;6508;4
3360;T_S258;6508;1
3361;T_S260;6508;4
3362;T_S261;6508;2
3363;T_S262;6508;2
3364;T_S266;6508;1
3365;T_S268;6508;1
3366;T_S269;6508;2
3367;T_S270;6508;2
3368;T_S273;6508;2
